Full_Name,SSN,Birth_Date,Age,Gender,Total_Charge,Diagnosis
Emily Reyes,431-76-8999,11/29/1939,77,Female,1248.07,S0047
Timothy Foster,105-21-8417,2/20/1948,69,Male,760.45,S0047
Jennifer Crawford,469-03-7869,12/28/1940,76,Female,1203.37,M0847
Edward Torres,219-09-8205,8/21/2014,3,Male,32.45,S0047
Gary Miller,365-39-1269,3/8/1954,63,Male,1934.87,S0047
Margaret Hamilton,395-24-7531,3/30/1983,34,Female,1043.36,S0047
Joan Holmes,402-29-7993,2/10/2010,7,Female,743.5,S0047
Gregory Mcdonald,365-17-4904,12/17/1984,32,Male,1935.4,X9647
Bobby Washington,814-67-3459,11/23/1981,35,Male,1425.93,E1037
Carol Hicks,524-42-4664,4/15/2011,6,Female,969.61,S0047
Ashley George,732-60-4910,10/30/2005,11,Female,1369.38,C4490
Julia Owens,922-27-2080,5/20/1998,19,Female,346.85,T2117
Richard Ruiz,294-84-3773,9/6/2012,5,Male,401.74,H0242
Debra Simpson,423-91-7401,8/9/1978,39,Female,413.96,S0047
Stephen Clark,910-18-2779,1/14/1974,43,Male,206.23,Y0703
Emily Collins,789-99-0255,12/2/1983,33,Female,1314.54,T2117
Jack Griffin,825-87-2360,4/21/1981,36,Male,555.44,S0047
Jose Perkins,946-09-5160,5/25/1989,28,Male,739.8,H0242
Larry Jordan,647-03-2952,8/19/1957,60,Male,1680.72,S0047
Mark Morgan,733-17-5916,8/29/1972,45,Male,1573.03,T2117
Randy Cunningham,563-63-4224,10/17/1943,74,Male,1271.2,S0047
Ann Sanchez,128-35-7368,4/7/1944,73,Female,1575.74,A3790
David Reed,982-56-5386,11/14/1948,68,Male,1426.49,H0242
Janet Simpson,874-65-8496,7/6/1976,41,Female,377.26,H0242
Joshua Simpson,101-83-7827,7/24/1940,77,Male,1914.57,M0847
Phyllis Mendoza,186-93-4465,12/31/1996,20,Female,128.47,S0047
Bonnie James,458-21-4845,4/17/1999,18,Female,1365.12,S0047
Gloria Burke,408-49-2238,2/22/1954,63,Female,748.39,M0847
Johnny Brown,749-26-4365,11/27/2005,11,Male,1820.48,T2117
Roger Frazier,117-90-1826,2/4/1986,31,Male,233.12,O0989
Brenda Hawkins,269-65-5490,1/25/1972,45,Female,757.98,S0047
Terry Webb,868-20-7873,3/17/2015,2,Male,1606.13,M0847
Dennis Freeman,910-48-0328,3/19/1955,62,Male,418,T2117
Mary Cooper,683-86-5722,7/8/1940,77,Female,696.16,R1934
Nicholas Wheeler,194-83-8917,1/13/2012,5,Male,1308.15,S0047
Marilyn Reid,194-59-7812,7/31/1961,56,Female,634.86,S0047
Diana Rivera,603-51-0437,1/15/2003,14,Female,972.51,S0047
Laura Fowler,861-95-7559,6/21/1992,25,Female,411.24,V0401
Teresa Welch,460-94-2964,7/18/1976,41,Female,1415.66,S0047
Beverly Stanley,571-56-6526,5/12/1982,35,Female,242.21,T2117
Edward Stone,405-98-5842,11/22/2000,16,Male,892.16,S0047
Kenneth Butler,620-22-7562,11/13/1949,67,Male,1402.04,C4490
Katherine Duncan,660-80-9376,6/17/1970,47,Female,1881.33,S0047
Ryan Sanchez,566-32-6602,1/6/1948,69,Male,897.9,S0047
Martin Turner,602-06-9749,11/4/1960,56,Male,988.37,H0242
Irene Diaz,742-54-3773,11/11/1995,21,Female,1678.41,S0047
Patrick Davis,612-49-0002,4/30/1947,70,Male,1019.86,V0401
Kathleen Hill,828-80-4381,11/25/1979,37,Female,498,T2117
Justin Adams,727-28-6708,8/19/1942,75,Male,460.92,S0047
Lisa Perez,921-00-8100,5/1/1984,33,Female,1799.15,O0989
Paula Foster,119-02-4602,7/10/1952,65,Female,1055.55,T2117
Denise Mccoy,659-96-6259,12/2/1943,73,Female,1554.2,S0047
Eric Smith,337-03-1930,5/21/1978,39,Male,845.31,T2117
Philip Stephens,115-42-4686,5/3/1972,45,Male,1528.25,S0047
Jessica Morgan,437-39-6178,8/29/1967,50,Female,30.72,M0847
Joshua Carroll,920-11-9008,4/22/1995,22,Male,1591.02,T2117
Diana Lopez,645-47-4772,7/1/1961,56,Female,1972.05,S0047
Willie Brown,902-02-7232,3/8/1956,61,Male,1039.73,S0047
Gerald Williams,238-13-1463,10/26/2012,4,Male,1039.25,T2117
Lisa Hart,448-28-7129,4/9/1980,37,Female,429.57,S0047
Maria Gonzales,825-88-2808,10/18/2010,6,Female,287.24,X9647
Clarence Meyer,852-39-6076,3/7/2012,5,Male,1216.17,C4490
Joyce Webb,382-40-3206,4/27/1983,34,Female,1928.32,S0047
Roy Fox,916-71-6533,5/27/1996,21,Male,1073.09,S0047
Charles Diaz,460-80-9960,10/12/1938,79,Male,656.28,X9647
Virginia Gordon,888-94-5450,6/6/1987,30,Female,571.84,S0047
Kathleen Bradley,872-09-4128,12/9/1973,43,Female,405.59,V0401
Chris Bowman,175-39-0914,6/9/1956,61,Male,747.1,S0047
Edward Mason,969-95-4581,7/22/1974,43,Male,520.9,T2117
Walter Black,898-43-6429,10/26/1962,54,Male,668.46,T2117
Bruce Wheeler,438-80-2828,2/6/1998,19,Male,70.72,S0047
Willie Mendoza,920-52-6388,4/5/1959,58,Male,1604.41,V0401
Marie Stevens,666-14-6867,6/30/1977,40,Female,1326.55,S0047
George Wagner,482-86-1860,4/5/2003,14,Male,634.21,H0242
Brian Dixon,485-00-5460,7/23/1975,42,Male,41.1,S0047
Kevin Reyes,532-65-7023,10/30/1982,34,Male,430.45,C4490
Norma Mitchell,275-49-7800,4/2/1953,64,Female,1159.8,S0047
Mildred Ford,393-97-3789,12/23/1947,69,Female,525.28,T2117
Jonathan Hudson,211-30-7035,6/11/1977,40,Male,1767.74,C4490
Stephen Vasquez,310-99-9338,9/3/2001,16,Male,1146.61,T2117
Ashley Ortiz,824-60-3869,4/9/1997,20,Female,1881.82,N6089
Eugene Reynolds,753-99-1618,4/1/1951,66,Male,422.27,M0847
Jeffrey Richardson,884-21-5510,3/30/1986,31,Male,1255.85,S0047
Jennifer Patterson,380-11-4423,2/18/1976,41,Female,886.66,L2082
Elizabeth Harper,896-58-8333,4/1/1989,28,Female,997.55,O0989
Beverly Moore,957-82-1742,4/20/1980,37,Female,1609.43,M0847
Paul Ford,301-77-9383,11/12/1947,69,Male,343.12,S0047
Harold Ortiz,353-30-1385,10/29/1998,18,Male,1100.52,G4021
Joshua Diaz,440-52-6022,4/16/1972,45,Male,1416.81,K5530
Larry Harper,522-64-9828,3/8/1997,20,Male,1534.99,S0047
Anne Foster,786-12-2873,9/27/1999,18,Female,1475.42,R1934
Eugene Myers,578-24-0483,7/23/1940,77,Male,1871.32,S0047
Donna Ellis,736-79-2872,1/7/1964,53,Female,199.19,G4021
Lori Hughes,989-99-1453,12/12/1978,38,Female,1947,Y0703
Nicholas Russell,670-45-8947,8/26/1980,37,Male,1703.84,M0847
Tina Duncan,154-04-3158,1/7/1956,61,Female,1825.02,A3790
Frances Fields,651-77-6298,3/6/1970,47,Female,695.77,S0047
Kathryn Bowman,355-70-8346,11/20/1994,22,Female,1510.77,S0047
Wanda Howard,467-36-0518,12/25/1946,70,Female,11.68,M0847
Paula Jenkins,942-23-7819,3/7/1965,52,Female,1535.76,O0989
Peter Johnston,223-42-4219,10/5/1942,75,Male,1669.61,S0047
Chris Stewart,272-82-8524,7/9/1953,64,Male,248,S0047
Albert Bishop,225-01-9355,6/18/1997,20,Male,389.64,S0047
Patricia Harper,550-76-4114,3/2/2006,11,Female,1664.08,C4490
Mary King,875-41-5234,7/26/1937,79,Female,735.39,S0047
Anne Hanson,284-97-8815,2/17/2010,7,Female,1623.66,T2117
Christina Alexander,128-93-5486,8/1/2006,11,Female,573.11,S0047
Samuel Chapman,403-95-1284,8/18/1979,38,Male,1131.2,H0242
Amy Carter,984-05-5988,10/28/1997,19,Female,1177.62,S0047
Paul Richards,907-80-2617,6/17/2002,15,Male,1800.51,J9509
Anthony Richards,161-96-4496,5/6/1966,51,Male,722.61,V0401
Katherine Reyes,292-55-3567,2/1/2015,2,Female,1351.51,T2117
Raymond Williams,765-94-1039,7/27/1971,46,Male,1762.4,V0401
Joshua Morgan,348-80-0261,8/8/1963,54,Male,430.79,S0047
Joe Elliott,598-05-3888,7/4/1953,64,Male,1162.36,S0047
Jonathan Matthews,528-33-7738,12/21/2013,3,Male,1351.79,S0047
Maria Henderson,131-64-0716,4/4/1993,24,Female,1626.35,H0242
Linda Elliott,976-92-7476,3/19/1959,58,Female,871.09,M0847
Michelle Hanson,560-24-8691,9/24/1982,35,Female,982.91,M0847
Julia Garcia,869-60-5274,9/29/2012,5,Female,288.6,S0047
Raymond Alexander,403-55-6135,12/11/1942,74,Male,11.7,T2117
Robin Ortiz,112-81-0246,5/11/1971,46,Female,207.57,W1130
Donna Henry,692-07-9210,7/15/1969,48,Female,438.85,L2082
Eugene Fernandez,890-06-9767,8/16/2003,14,Male,795.6,S0047
Craig Long,741-07-9019,10/10/1941,76,Male,1220.88,I7021
Joe Burns,740-53-7260,7/8/1970,47,Male,1087.77,Y0703
Ryan Powell,688-09-7209,4/20/1950,67,Male,1628.18,S0047
Cheryl Kennedy,407-72-6040,12/14/1941,75,Female,1630.84,T2117
Carl Baker,350-17-7574,3/18/1953,64,Male,595.84,M0847
Christine Perkins,103-96-6009,2/12/1994,23,Female,23.29,S0047
Daniel Stevens,762-37-1349,12/10/2007,9,Male,1243.61,S0047
Adam Parker,950-12-7509,6/12/2001,16,Male,1231.52,S0047
Charles Matthews,947-97-8675,4/5/2001,16,Male,1611.85,M0847
Phyllis Sanchez,868-86-3620,7/30/1949,68,Female,89.53,R1934
Joyce Berry,574-93-8291,4/27/1946,71,Female,1058.3,V0401
Nancy Montgomery,826-34-5871,2/25/1939,78,Female,1323.86,T2117
Carl Armstrong,222-87-9904,8/11/2014,3,Male,676.37,M0847
Douglas West,296-88-7149,3/10/1944,73,Male,467.84,S0047
Sarah Stone,433-90-1696,7/19/1983,34,Female,1503.16,V0401
Rachel Bowman,663-72-6736,7/17/1997,20,Female,1803.68,S0047
Lisa Gibson,668-79-7096,10/23/2013,3,Female,522.68,T2117
Edward Kennedy,748-28-9748,8/12/1944,73,Male,238.09,H0242
Betty Cooper,433-22-6694,4/8/1937,79,Female,92.65,V0401
Sharon Watson,122-14-3679,7/9/1973,44,Female,30.73,S0047
Andrew Thompson,176-09-4561,7/6/1950,67,Male,986.42,H0242
Sean Hunter,682-47-9089,11/9/1967,49,Male,1137.33,S0047
Steve Woods,909-36-0426,4/8/1990,27,Male,1143.87,S0047
Laura Cruz,822-32-0458,10/5/1941,76,Female,592.12,V0401
Albert Hunter,629-03-8318,9/7/1982,35,Male,913.68,T2117
Ruby Harris,182-97-0538,7/9/1999,18,Female,631.69,K5530
Ralph Dunn,621-81-7404,5/12/1941,76,Male,1143.7,M0847
Donna Hunt,232-95-7864,12/16/1996,20,Female,713.27,S0047
Sara Sullivan,214-03-1188,7/24/1999,18,Female,1673.25,S0047
Susan Austin,606-47-8749,8/2/1943,74,Female,1593.56,T2117
Barbara Murphy,891-99-6297,12/21/2002,14,Female,432.86,F1123
Angela Burke,290-77-9915,1/30/1944,73,Female,1868.32,K5530
Betty Jackson,776-12-5049,7/26/1993,24,Female,511.08,O0989
Willie Black,536-54-1290,9/22/1968,49,Male,1461.87,T2117
Betty Larson,364-36-3218,4/17/1955,62,Female,1962.19,S0047
Jesse Dixon,678-39-5380,3/12/2003,14,Male,1944.52,S0047
Ashley Campbell,811-52-8206,8/10/1997,20,Female,342.96,Q7181
Laura Walker,307-60-6825,12/27/1994,22,Female,1108.08,S0047
Christopher Kelly,976-75-5770,1/22/1958,59,Male,1960.49,V0401
Joan Arnold,643-77-8782,9/13/1992,25,Female,744.88,F1123
Teresa Gonzalez,782-21-3363,10/23/2011,5,Female,580.18,M0847
Annie Allen,540-78-9526,3/21/1997,20,Female,532.62,S0047
Randy Kennedy,759-04-9247,11/21/1937,79,Male,926.76,F1123
Kathy Hunter,283-84-2886,11/11/1995,21,Female,1376.46,S0047
Scott Garrett,296-45-0225,9/25/1945,72,Male,192.59,I7021
Chris Warren,732-39-6819,12/20/1950,66,Male,32.59,T2117
Douglas Williams,992-20-6007,1/8/1955,62,Male,384.52,M0847
Joshua Chapman,640-16-5409,3/13/1999,18,Male,1331.39,S0047
Patrick Powell,993-43-1389,10/13/1986,30,Male,902.03,T2117
Diane Robinson,525-30-8103,11/18/1994,22,Female,285.81,V0401
Justin Chapman,389-94-3979,12/12/1945,71,Male,1365.17,T2117
Kimberly Mccoy,854-97-3840,3/17/1968,49,Female,450.76,S0047
Harold Stanley,173-54-0447,7/17/1977,40,Male,1833.58,T2117
Christine Stewart,210-84-2075,9/14/1986,31,Female,677.08,S0047
Richard Carr,851-83-8154,11/18/1965,51,Male,743.91,S0047
Janet Kim,446-88-0650,6/1/1979,38,Female,64.36,T2117
Theresa Henry,930-03-2818,5/2/1961,56,Female,74.62,S0047
Christina George,747-80-8774,9/23/1960,57,Female,1221.02,T2117
Irene Warren,480-00-6185,12/23/1963,53,Female,30.36,O0989
Virginia Moreno,341-04-5868,10/18/1988,28,Female,335.69,M0847
Chris Medina,125-72-7638,5/10/1979,38,Male,806.89,T2117
Marie Holmes,569-11-9949,11/30/1965,51,Female,1244.95,W1130
Shawn Andrews,904-00-6779,6/21/1999,18,Male,1190.49,B2701
Margaret Medina,353-61-3984,5/4/2013,4,Female,54.61,S0047
Shawn Ray,390-76-9393,11/22/2001,15,Male,1891.7,Y0703
Annie Reyes,390-74-3873,12/21/2000,16,Female,1410.83,I7021
Virginia Day,736-85-9311,5/28/1939,78,Female,1460.26,S0047
Dennis Ellis,628-25-5172,12/8/1987,29,Male,483.82,T2117
Jason Arnold,792-65-3004,6/16/1964,53,Male,1305.13,S0047
Howard Fox,306-04-4678,3/31/1991,26,Male,1826.7,P0822
Linda Fuller,822-05-6275,9/25/1997,20,Female,554.83,T2117
Ruth Hernandez,683-56-3806,12/17/2012,4,Female,1062.05,S0047
Anthony Mendoza,604-46-5385,10/5/2004,13,Male,956.88,E1037
Wayne Sims,300-00-7784,8/16/1989,28,Male,204.73,O0989
Joyce Graham,799-39-9065,2/19/1975,42,Female,1520.48,T2117
Anna Wood,649-84-8642,5/26/1973,44,Female,121.39,S0047
Diana Weaver,128-68-4828,12/3/1998,18,Female,27.65,W1130
Matthew Robertson,137-82-9238,12/6/1940,76,Male,975.68,S0047
Wanda Meyer,557-67-0395,9/19/1954,63,Female,367.35,V0401
Patricia Murray,286-81-0987,12/13/1959,57,Female,1278.84,S0047
Pamela Powell,448-14-2057,8/12/1982,35,Female,632.76,S0047
Gary Garrett,549-28-4221,10/17/2013,3,Male,833.97,S0047
Julie Duncan,258-88-2985,1/2/2001,16,Female,298.89,M0847
Emily Chavez,436-57-5780,5/6/1977,40,Female,175.88,I7021
Craig Fernandez,351-41-4926,10/23/1980,36,Male,1808,W1130
Keith Martin,161-73-6054,10/17/2010,6,Male,1659.24,M0847
Robin Payne,156-16-0732,11/22/1965,51,Female,1609.36,S0047
Carol Porter,148-15-0403,4/21/1940,77,Female,543.71,S0047
Patrick Diaz,733-76-2327,6/17/1938,79,Male,1299.14,T2117
Patrick Bradley,478-78-7602,8/27/1982,35,Male,1020.65,D3130
Michael Smith,345-17-9869,5/23/1971,46,Male,1012.64,S0047
Teresa Ortiz,936-44-6395,6/12/1982,35,Female,1665.89,O0989
Bonnie Young,906-26-4719,10/27/1951,65,Female,1038.06,T2117
Wanda Romero,608-06-3315,2/13/1947,70,Female,800.28,S0047
Tina Fields,152-58-6212,4/27/1991,26,Female,495.7,S0047
Clarence Kim,679-41-7438,3/29/2016,1,Male,218.69,S0047
Johnny Wilson,318-82-6329,9/28/1947,70,Male,494.64,V0401
Gregory Wallace,301-87-0768,1/26/1973,44,Male,445.53,T2117
Donald Hamilton,684-19-0492,12/29/1986,30,Male,88.3,R1934
Amanda Peterson,904-76-1211,5/18/2011,6,Female,1543.03,S0047
Jesse Robinson,210-30-2304,8/5/1989,28,Male,1020.81,S0047
Philip Long,860-59-9280,3/5/1989,28,Male,221.67,S0047
Nancy Fox,500-26-5786,10/8/2003,13,Female,46.65,S0047
Pamela Carroll,490-43-9815,2/22/1954,63,Female,777.25,T2117
Emily Cooper,950-22-3702,11/11/1979,37,Female,983.05,J9509
Shawn Kelly,844-63-0861,6/14/1937,79,Male,1945.31,S0047
Sara Lawrence,961-99-3058,2/17/1992,25,Female,1049.32,S0047
Jonathan Bennett,539-72-2295,9/23/1944,73,Male,381.49,S0047
Wayne Robinson,639-43-0167,6/30/2003,14,Male,1010.99,S0047
Eugene Wagner,389-13-1013,10/13/1982,34,Male,1483.6,S0047
Emily Hanson,574-93-7328,11/4/1944,72,Female,533.37,L2082
Raymond Sullivan,156-23-9874,9/16/1985,32,Male,1624.96,T2117
Doris Olson,403-26-3461,9/28/1994,23,Female,257.68,S0047
Sara Day,849-18-0484,5/6/1944,73,Female,1148.2,A3790
Louise Hill,446-96-4921,7/29/1982,35,Female,1169.57,S0047
Joe Scott,641-66-3457,3/9/1984,33,Male,983.66,S0047
Jane Carroll,511-36-0316,2/13/2002,15,Female,559.68,Y0703
Ruby Diaz,643-69-4275,10/30/1984,32,Female,137.97,S0047
Judy Wells,735-35-6268,10/17/1957,60,Female,437.63,T2117
Kimberly Ryan,255-23-0602,8/12/1994,23,Female,871.15,O0989
Michael Hanson,994-36-7578,11/29/1984,32,Male,524.06,T2117
Rachel Williams,332-20-6093,10/24/2013,3,Female,654.11,T2117
Janice Cook,179-78-1752,10/7/1996,21,Female,309.47,K5530
Sara Morrison,785-03-1048,3/21/1971,46,Female,694.37,S0047
Evelyn Ward,795-76-3775,8/11/1993,24,Female,1836.05,S0047
Alice Pierce,849-08-0655,12/13/1974,42,Female,593.88,S0047
Louis Harvey,284-55-7953,12/21/1960,56,Male,532.4,V0401
Bruce Wright,942-07-1366,1/2/1961,56,Male,1421.93,S0047
Justin Little,692-20-8868,12/16/1965,51,Male,1860.43,S0047
Carl Flores,205-63-8953,5/15/1982,35,Male,1267.61,S0047
Aaron Black,906-15-0851,1/20/1981,36,Male,1210.25,S0047
Jeremy Welch,960-04-0367,5/13/1964,53,Male,1022.39,S0047
Shawn Brooks,951-23-4480,6/22/2007,10,Male,1185.87,T2117
Russell Romero,443-32-4905,5/7/1990,27,Male,862.43,S0047
Daniel Williams,546-77-5039,6/7/1941,76,Male,1097.95,S0047
Nicole Parker,747-89-4544,5/30/1939,78,Female,10.7,T2117
Mark Watson,760-50-0596,4/5/1986,31,Male,1573.78,F1123
Kathleen Williams,526-29-8166,3/30/1980,37,Female,1286.12,S0047
Martin Elliott,531-58-6125,9/8/1941,76,Male,356.85,S0047
Henry Foster,572-17-7329,7/13/1946,71,Male,1749.7,R1934
Willie Simpson,976-41-0718,1/13/1992,25,Male,1710.37,S0047
Sandra Black,959-71-5603,8/29/1946,71,Female,1826.1,A3790
Harold Nguyen,655-69-7231,5/20/1941,76,Male,35.24,M0847
Henry Frazier,628-45-2504,11/14/2004,12,Male,506.61,Y0703
Justin Day,995-80-4122,3/3/1986,31,Male,1752.57,M0847
Harold Perez,153-52-8140,6/5/1951,66,Male,529.61,T2117
Scott Barnes,586-38-6440,4/19/1998,19,Male,1415.25,S0047
Joe Harper,670-43-6939,11/22/1990,26,Male,1930.39,Z8559
Peter Collins,817-29-7966,2/14/1945,72,Male,1676.44,G4021
Earl Hall,102-52-5221,9/25/1991,26,Male,1151.38,Q7181
Louis Montgomery,857-57-8014,3/25/1987,30,Male,581.03,Q7181
Anthony Cooper,846-31-4979,4/11/1978,39,Male,1186.7,S0047
Norma Gordon,262-73-3954,8/1/1939,78,Female,1418.84,S0047
Rose Perez,674-58-7669,7/15/1947,70,Female,1111.03,S0047
Jerry Berry,345-67-6993,8/10/1972,45,Male,1451.47,T2117
Gerald Washington,712-75-4001,10/10/1975,42,Male,1908.72,S0047
Martha Young,819-44-8382,1/12/1952,65,Female,1182.36,Y0703
Jane Lewis,938-54-7944,7/4/1961,56,Female,965.7,Z8559
Albert Banks,879-61-5808,11/3/2002,14,Male,419.09,S0047
Jack Davis,416-91-4118,7/16/1976,41,Male,517.08,V0401
Willie Dunn,427-98-1092,6/29/1994,23,Male,265.97,S0047
Jose Walker,825-75-3551,11/28/2013,3,Male,1831.67,H0242
Sarah Cooper,548-62-9213,6/19/1947,70,Female,1941.44,T2117
Mildred Lynch,100-84-7452,12/25/1949,67,Female,1627.23,S0047
Kathleen Hill,316-50-1605,3/22/1973,44,Female,569.81,D3130
Paul Howard,389-68-8588,12/8/1979,37,Male,1455.63,S0047
Todd Black,793-09-1187,10/9/1979,38,Male,1862.75,V0401
Adam Green,193-05-9786,2/7/1970,47,Male,1066.86,S0047
Jeremy Perry,437-52-5481,10/1/1995,22,Male,1183.62,S0047
Harold Wright,327-94-6062,5/18/2009,8,Male,616.2,T2117
Shirley Carter,513-27-4143,4/22/1962,55,Female,296.28,S0047
Randy Jenkins,134-08-6476,10/6/1972,45,Male,870.77,G4021
Gerald Taylor,606-91-8821,10/16/1979,37,Male,1308.8,S0047
Justin Scott,206-29-0145,11/24/1944,72,Male,1579.22,S0047
Andrew Garcia,849-80-8918,11/28/1994,22,Male,1278.13,S0047
Emily Richardson,578-50-7389,10/20/2004,12,Female,1344.03,M0847
Douglas Wagner,988-54-3825,4/29/1994,23,Male,667.72,W1130
Roger Elliott,426-46-9482,2/16/2016,1,Male,1921.48,S0047
Gerald Gardner,659-07-1359,8/20/2011,6,Male,1490.85,S0047
Elizabeth Larson,914-89-1267,9/24/2003,14,Female,902.48,V0401
Marilyn Hudson,780-23-7725,8/14/1986,31,Female,1233.09,H0242
Diane Young,274-52-4615,4/12/2006,11,Female,330.94,T2117
Thomas Mitchell,781-88-3324,11/13/2002,14,Male,1441.88,X9647
Christina Robertson,456-59-7098,7/3/2007,10,Female,48.6,O0989
Doris Hanson,182-34-4692,7/3/1981,36,Female,717.79,T2117
Roy Burns,591-03-1167,11/20/1964,52,Male,990.39,S0047
Kevin Reyes,984-57-6251,9/4/2015,2,Male,648.97,Z8559
Janice Bell,278-04-4186,1/15/1988,29,Female,1709.92,Y0703
Christine Mcdonald,572-85-0197,8/16/1958,59,Female,1408.26,O0989
Harry Lewis,924-29-7125,4/21/1996,21,Male,1775.75,M0847
Julie James,745-74-7817,8/1/1956,61,Female,1764.71,D3130
Jeremy Lewis,195-09-0368,7/16/2001,16,Male,157.77,H0242
Tina Walker,245-25-4231,9/9/1945,72,Female,1336.8,S0047
Betty Duncan,242-59-1817,5/21/1953,64,Female,467.97,T2117
Matthew Walker,975-21-6553,5/24/1988,29,Male,1456.98,S0047
Tammy Reyes,297-92-8629,1/15/1988,29,Female,161.37,H0242
Charles Young,626-74-6080,4/7/1955,62,Male,1832.87,S0047
Randy Mccoy,622-85-0937,11/30/1944,72,Male,43.43,T2117
Sharon Armstrong,239-05-6995,11/23/1964,52,Female,1106.89,S0047
Norma Lawson,764-63-5272,10/21/1946,71,Female,1792.1,O0989
Diane Jones,141-28-0466,11/24/2005,11,Female,1219.87,T2117
Stephanie Bowman,404-70-9901,2/18/1947,70,Female,1264.07,R1934
Mark Henderson,411-23-5287,6/9/1971,46,Male,115.7,V0401
Walter Garcia,744-36-2123,5/6/1975,42,Male,1618.66,S0047
Sara Burns,284-11-8359,10/10/1998,18,Female,795.77,S0047
Ralph Cook,776-61-9185,9/17/1951,66,Male,206.29,S0047
Ralph Gordon,385-20-2532,6/8/1963,54,Male,1972.48,J9509
Stephanie Gibson,102-80-7900,7/22/1964,53,Female,724.93,R1934
Carol Flores,470-99-5629,1/13/1945,72,Female,718.3,S0047
Shirley Hunter,128-01-5711,3/31/1938,79,Female,1045.13,I7021
Jane Hunter,674-59-0164,10/7/1995,22,Female,297.61,O0989
Phillip Williams,918-84-9030,12/16/1938,78,Male,96.72,S0047
Todd Welch,679-27-4705,1/9/1976,41,Male,1043.28,M0847
Barbara Garza,871-70-8764,11/16/1972,44,Female,367.82,J9509
Cheryl Green,868-09-5154,8/26/2003,14,Female,1166.02,S0047
Martha Cook,954-70-1780,5/27/1973,44,Female,1802.63,M0847
Wayne Alvarez,781-06-8634,6/4/1966,51,Male,1133.98,S0047
Louis Martinez,709-50-0720,7/19/2009,8,Male,383.08,T2117
Scott Dunn,154-61-7038,3/8/1980,37,Male,1938.24,T2117
Albert Barnes,133-60-9582,1/14/1953,64,Male,779.99,E1037
Sean Diaz,543-69-9103,12/3/1940,76,Male,740.71,T2117
Lillian Stewart,597-89-5196,4/10/2002,15,Female,1074.02,S0047
Brenda Schmidt,219-97-5554,10/1/2011,6,Female,1787.69,S0047
Kevin Wilson,624-24-4664,4/2/1981,36,Male,307.68,H0242
Katherine Fuller,248-82-4045,3/5/1971,46,Female,930.18,Q7181
Jeffrey Gray,222-60-2878,12/5/2011,5,Male,582.3,D3130
Paul Ross,345-11-0302,11/9/1979,37,Male,1538.94,M0847
Harry Duncan,128-15-3581,8/23/1938,79,Male,707.29,H0242
Matthew Moreno,106-95-6414,5/7/1938,79,Male,1529.61,H0242
Angela Williams,945-28-5726,1/6/1948,69,Female,850.16,S0047
Ann Ray,294-69-3267,2/11/2007,10,Female,1761.16,M0847
Janice Patterson,389-06-1664,1/27/1964,53,Female,1670.96,H0242
Martha Chavez,816-79-1283,5/14/1984,33,Female,1358.64,T2117
Jonathan Cruz,813-24-0109,11/19/1971,45,Male,432.05,O0989
Jane Dunn,455-83-4344,4/29/1980,37,Female,1090.76,M0847
Karen Burton,442-44-9649,3/29/1985,32,Female,1635.11,S0047
Roy Murray,818-59-5114,3/6/1958,59,Male,1583.19,S0047
Christina Jenkins,854-13-1403,5/22/1952,65,Female,552.3,S0047
Catherine Montgomery,350-69-6059,1/9/1947,70,Female,1574.6,S0047
Bonnie Austin,235-42-5465,11/1/2015,1,Female,1871.56,S0047
Maria Duncan,829-63-0854,12/5/1971,45,Female,569.63,T2117
Frank Alvarez,738-22-2327,6/21/1972,45,Male,1818.69,I7021
Samuel Andrews,908-42-3587,5/8/1966,51,Male,1446.33,I7021
Ryan Rivera,480-17-6407,9/15/2006,11,Male,1150.89,S0047
Peter Torres,562-98-3595,10/19/1962,54,Male,1182.05,T2117
Lisa Stone,276-85-3246,12/22/1980,36,Female,1545.27,T2117
Amanda West,360-81-3996,9/7/1958,59,Female,1516.25,T2117
Samuel Woods,569-52-7090,6/7/1938,79,Male,408.63,M0847
Kathleen Fox,260-33-9904,9/27/2008,9,Female,1359.56,S0047
Barbara Sullivan,570-37-2776,1/27/1953,64,Female,1067.9,M0847
Clarence Dixon,190-38-5773,3/23/1985,32,Male,890.09,S0047
Chris Simpson,642-31-4912,4/27/1943,74,Male,1926.21,S0047
Andrew Wells,753-75-6965,4/7/1992,25,Male,1317.99,S0047
Sean Coleman,502-35-8380,11/1/1978,38,Male,1306.13,S0047
Barbara Cruz,689-23-0508,12/14/1972,44,Female,1010.16,S0047
Gregory Chavez,749-95-1567,10/2/1946,71,Male,613.91,T2117
Tammy Ramirez,684-75-2989,9/7/1965,52,Female,596.95,S0047
Steven Ward,903-22-0057,2/24/1946,71,Male,1759.73,S0047
Bonnie Chapman,459-68-5412,5/18/2004,13,Female,1749.28,S0047
Ruth Richards,371-57-7010,6/24/1955,62,Female,536.73,Z8559
Heather Morris,622-88-8522,2/21/1942,75,Female,693.22,Q7181
Julie Snyder,971-21-1298,7/18/1999,18,Female,1957.12,S0047
Raymond Morales,617-28-9614,6/17/1973,44,Male,1432.74,S0047
Richard Richardson,388-98-1422,6/15/1981,36,Male,1844.75,D3130
Maria Armstrong,726-79-8089,6/1/1982,35,Female,1150.94,V0401
Arthur Alvarez,877-02-0825,1/10/1975,42,Male,675.8,S0047
Sean Oliver,304-94-3722,5/31/1959,58,Male,1222.36,T2117
Jeremy Peters,627-98-2914,9/12/2009,8,Male,1288.76,T2117
Amy Cooper,322-66-6037,6/19/1955,62,Female,488.54,T2117
Stephanie Vasquez,478-73-2603,7/21/1950,67,Female,1789.29,S0047
Sara Fields,512-88-3754,9/15/2007,10,Female,1319.74,R1934
Michelle Ryan,235-35-9356,12/15/2009,7,Female,348.36,V0401
Louise Dunn,778-82-7064,5/25/1952,65,Female,1276.23,X9647
Emily Burke,162-36-0177,12/1/1978,38,Female,1852.18,R1934
Bonnie Ferguson,446-69-7456,6/30/1972,45,Female,182.36,M0847
Nicholas Andrews,265-21-3310,5/6/1939,78,Male,1396.87,Y0703
Jacqueline Montgomery,446-66-1421,4/9/1969,48,Female,1231.2,V0401
Earl Ward,348-94-8675,2/1/1962,55,Male,698.27,S0047
Mildred Peters,566-15-4717,4/1/1979,38,Female,154.75,T2117
Joseph Duncan,901-79-8694,2/1/1957,60,Male,1649.3,Z8559
Brenda Butler,505-96-0169,6/30/1979,38,Female,1454.65,O0989
Pamela Harper,765-30-5129,12/19/1987,29,Female,1024.58,S0047
Clarence Gonzales,767-23-4638,10/5/1991,26,Male,624.11,A3790
Laura Murphy,849-17-9239,12/4/2003,13,Female,1896.44,G4021
Lori Black,520-87-5214,5/26/1971,46,Female,1812.38,E1037
Brenda Torres,596-81-8101,9/1/1972,45,Female,1830.15,I7021
Phyllis Gardner,529-81-7494,7/20/1939,78,Female,1809.29,T2117
Keith Vasquez,434-42-9213,7/29/2015,2,Male,218.36,S0047
Eric Jackson,296-76-3384,3/31/1940,77,Male,1334.2,H0242
Betty Reid,814-59-9090,9/24/1990,27,Female,1806.62,S0047
Laura Nichols,118-45-4107,4/21/2008,9,Female,206.96,S0047
Arthur Robertson,218-00-2926,3/31/1972,45,Male,619.75,S0047
Betty Lawrence,161-16-5850,9/15/2004,13,Female,64.89,S0047
Cynthia Carter,573-99-2280,7/25/1973,44,Female,1192.7,S0047
Heather Meyer,734-37-9568,9/27/1999,18,Female,866.87,V0401
Charles Collins,956-56-9207,8/18/2003,14,Male,1153.24,T2117
Carol George,558-90-6371,1/23/1938,79,Female,1537.17,E1037
Lawrence Bell,986-93-6221,1/19/2001,16,Male,20.36,S0047
Diana Murphy,840-74-5700,5/3/1994,23,Female,664.34,O0989
Harold Simpson,794-86-6528,5/1/1991,26,Male,392.94,Y0703
Angela Gordon,122-91-8578,6/14/2013,4,Female,146.21,M0847
Christopher Olson,980-68-3580,10/30/1958,58,Male,1422.8,S0047
Phyllis Smith,243-39-0901,12/13/1950,66,Female,1641.11,T2117
Julie Hunt,118-27-1723,7/16/2002,15,Female,1799.89,S0047
Melissa Webb,841-27-5816,3/14/1959,58,Female,829.61,S0047
Katherine Simmons,372-97-1167,6/6/2009,8,Female,1376.74,T2117
Angela Black,655-26-0675,8/26/1968,49,Female,1311.81,K5530
Jeffrey Andrews,315-39-3343,6/15/1992,25,Male,182.72,F1123
Henry Martin,340-82-4604,2/21/1943,74,Male,1786.05,X9647
Scott Walker,707-85-6460,9/11/1954,63,Male,1954.28,M0847
Marilyn Edwards,113-78-8995,11/1/1987,29,Female,1469.35,S0047
Jimmy Wells,335-70-3431,11/5/1994,22,Male,1572.46,S0047
Gregory Payne,784-43-2504,7/22/1941,76,Male,941.17,S0047
Fred Bryant,386-06-1764,1/31/2005,12,Male,1521.1,L2082
Ruth Hicks,430-44-6870,5/15/1960,57,Female,237.76,M0847
Shawn Foster,517-66-0667,10/27/2015,1,Male,1036.96,M0847
Roger Kelly,690-10-3072,12/28/1946,70,Male,476.24,S0047
Theresa Griffin,385-33-5859,3/5/1969,48,Female,420.79,X9647
Adam Duncan,971-29-5267,1/8/2000,17,Male,740.67,T2117
Willie Myers,914-81-5363,5/10/1938,79,Male,1888.74,M0847
Jonathan Stone,111-08-2934,3/30/1975,42,Male,1367.4,T2117
Scott Morrison,885-06-9519,9/10/1951,66,Male,1575.04,S0047
Jonathan Medina,843-23-0784,1/25/1985,32,Male,1439.71,R1934
Jeremy Roberts,679-21-6618,12/4/1977,39,Male,35.2,S0047
Jason Rose,929-72-6937,4/27/2014,3,Male,309.55,S0047
Victor Frazier,722-55-2397,6/4/1963,54,Male,660.39,S0047
Kenneth Morrison,113-08-3081,3/14/1993,24,Male,439.08,V0401
Albert Johnson,876-46-7474,11/28/1976,40,Male,1163.96,V0401
Kathryn Ray,294-07-4952,7/19/2003,14,Female,736.93,V0401
Roger Ramos,687-77-2108,4/22/1950,67,Male,39.51,H0242
Anthony Garza,700-28-2842,11/23/1998,18,Male,567.07,S0047
Judy Oliver,283-52-9301,8/25/1943,74,Female,731.36,O0989
Earl Warren,263-06-7960,5/21/1997,20,Male,1743.34,S0047
Kenneth Collins,709-86-5218,7/9/1973,44,Male,38.7,S0047
Wanda Perry,605-01-2244,5/11/1967,50,Female,542.05,T2117
Craig Gray,750-51-6088,5/13/1965,52,Male,1416.37,M0847
Keith Ward,250-20-9386,2/9/1954,63,Male,1706.4,S0047
Walter Fox,368-62-0922,6/18/1996,21,Male,1850.55,T2117
Norma Fernandez,344-06-0388,1/12/1943,74,Female,1288.77,S0047
Lawrence Martinez,204-89-0879,7/5/1955,62,Male,137.61,H0242
Julia Stevens,351-79-4813,3/5/1950,67,Female,752.66,S0047
Jennifer Moreno,532-20-1643,7/12/1981,36,Female,1942.84,S0047
Gerald Hunter,996-27-9693,5/11/1976,41,Male,43.31,S0047
David Miller,463-41-3644,11/29/1992,24,Male,34.08,S0047
Ernest Simmons,344-70-4642,11/19/1948,68,Male,407.87,M0847
Earl Hall,813-73-6365,3/29/2005,12,Male,817.31,S0047
Todd Russell,283-87-3863,6/26/1969,48,Male,474.3,L2082
Helen Jones,318-73-3029,5/7/1970,47,Female,1011.39,Z8559
Teresa Cruz,690-30-6545,5/15/2015,2,Female,1427.62,T2117
Fred Barnes,345-04-8663,4/14/1983,34,Male,439.95,S0047
Carolyn Gordon,168-64-9969,8/6/1952,65,Female,1877.15,S0047
Walter Cruz,982-16-9915,5/31/1998,19,Male,1664.09,T2117
Beverly Williamson,788-99-4334,5/2/2003,14,Female,296.75,S0047
Douglas Martinez,539-19-9175,6/30/1950,67,Male,1003.38,S0047
George Moreno,774-61-6766,7/5/1947,70,Male,118.63,X9647
Ralph Reid,910-89-7809,3/26/1977,40,Male,594.44,T2117
Louise Reed,192-25-3784,1/25/1997,20,Female,1135.02,W1130
Harold Wheeler,839-29-2900,11/18/1994,22,Male,723.27,T2117
Jane Chavez,559-36-8973,11/9/1997,19,Female,1164.35,M0847
Julie Hamilton,630-67-9533,12/23/1979,37,Female,533.3,M0847
Eugene Dunn,492-84-2649,6/15/1941,76,Male,542.73,S0047
Jimmy Fernandez,286-46-5694,1/26/2000,17,Male,496.8,S0047
Martin Daniels,825-73-2301,11/30/1951,65,Male,613.15,T2117
Alice Gilbert,870-98-0794,12/29/1994,22,Female,638.88,S0047
James Stanley,135-59-3117,11/11/1959,57,Male,1376.32,S0047
Aaron Willis,975-11-6389,10/4/1962,55,Male,333.92,S0047
Brandon Walker,893-84-5035,9/13/1995,22,Male,990.7,Y0703
Christine Long,232-35-9515,3/2/1997,20,Female,130.41,T2117
Douglas Stanley,175-50-4108,8/19/2000,17,Male,432.57,H0242
Kelly Fernandez,241-64-8147,6/28/1956,61,Female,1956.04,R1934
Virginia Myers,463-98-2199,12/3/2011,5,Female,506.3,T2117
Beverly Moore,728-95-9640,5/8/1939,78,Female,1458.22,V0401
Thomas Murphy,766-18-7504,12/4/1967,49,Male,384.62,M0847
Juan Armstrong,530-14-9419,5/5/1953,64,Male,417.49,M0847
Victor Fisher,260-92-9310,8/24/1966,51,Male,62.9,N6089
Roy Harper,226-09-1640,4/30/1953,64,Male,913.73,S0047
Benjamin Gibson,240-95-1710,7/17/1943,74,Male,442.04,Z8559
Amy Reynolds,111-31-1758,8/7/1970,47,Female,1465.43,O0989
Diana Owens,215-97-1371,8/9/1996,21,Female,1273.08,S0047
Billy Perry,445-85-7874,11/20/2009,7,Male,1222.85,S0047
Jose Griffin,149-11-7842,7/4/2014,3,Male,135.54,S0047
Ernest Morrison,423-07-0330,5/31/2009,8,Male,1441.67,C4490
Mildred Gonzales,742-28-6650,6/16/2004,13,Female,619.67,S0047
Russell Gilbert,567-40-1394,3/30/2016,1,Male,637.85,S0047
Judy Taylor,487-72-1866,1/19/1945,72,Female,1889.4,S0047
Raymond Sanders,737-83-2126,2/24/1960,57,Male,1626.16,S0047
Janet Andrews,103-65-8983,4/11/1957,60,Female,1282.12,W1130
Edward Price,974-34-0107,12/31/1966,50,Male,351.49,C4490
Martin Taylor,890-74-4335,5/24/1971,46,Male,1371.02,C4490
Jacqueline Stanley,443-64-9903,8/18/2008,9,Female,1684.96,S0047
Gary Fowler,314-51-6436,9/21/1990,27,Male,398.74,E1037
Tina Riley,889-31-9233,7/31/1985,32,Female,625.11,B2701
Diana Porter,290-70-8768,5/8/1964,53,Female,832.51,D3130
Evelyn Hall,442-03-8169,10/8/2002,14,Female,1357.33,S0047
Gary Perry,264-11-5879,4/28/1967,50,Male,1954.03,S0047
George Reynolds,256-11-2505,5/30/1955,62,Male,254.64,M0847
Theresa Montgomery,159-75-1628,4/3/2005,12,Female,1942.49,S0047
Judy Ray,300-98-5364,7/15/1955,62,Female,1085.67,S0047
Nicole Meyer,240-46-3938,2/22/1953,64,Female,378.78,R1934
Phyllis Peterson,216-17-0778,12/19/1968,48,Female,626.94,S0047
Samuel Williamson,234-65-6223,5/15/2004,13,Male,922.27,O0989
Joe Richards,706-29-5728,10/18/1967,49,Male,534.01,T2117
Emily Mason,317-68-8554,10/21/1946,71,Female,641.83,T2117
Cynthia Thompson,773-19-2547,12/31/2014,2,Female,74.24,M0847
Louise Perez,379-28-5574,4/12/1988,29,Female,660.23,T2117
Annie Hayes,476-81-3413,11/17/1969,47,Female,938.05,F1123
Heather Nguyen,758-04-4601,11/7/1981,35,Female,1629.85,S0047
Ashley Rose,542-27-4622,4/28/1960,57,Female,95.56,T2117
Roger Rodriguez,946-01-9118,4/21/1984,33,Male,1507.5,R1934
Terry Ortiz,706-22-6698,11/25/2002,14,Male,1948.67,T2117
Alice Lewis,441-51-0377,6/17/1992,25,Female,415.58,S0047
Janet Stephens,632-87-0242,3/23/1947,70,Female,1951.25,T2117
Paula King,971-92-4575,6/11/1977,40,Female,952.89,S0047
Catherine Stevens,696-92-3392,3/14/1960,57,Female,1123.17,R1934
Elizabeth Greene,404-60-4966,10/27/1964,52,Female,1193.62,T2117
Roger Hunt,518-40-6959,10/14/1979,37,Male,1809.53,S0047
Steve Wallace,861-97-8664,4/4/1969,48,Male,689.54,C4490
Irene Hansen,301-29-3644,7/15/1975,42,Female,1879.52,M0847
Amanda Freeman,642-55-2821,6/17/1980,37,Female,1871.97,L2082
Patrick Allen,847-06-1615,1/13/2004,13,Male,1763.58,C4490
Kelly Gutierrez,888-72-8628,7/1/2009,8,Female,426.96,M0847
Jose Dean,108-99-8291,5/27/1962,55,Male,611.01,M0847
Kathleen Mccoy,270-53-7063,9/28/1967,50,Female,514.6,S0047
Jose Scott,129-17-8918,6/30/1999,18,Male,1128.93,S0047
Cheryl Perez,614-25-3746,11/7/1998,18,Female,1318.66,Y0703
Harry Pierce,524-27-0939,1/6/1961,56,Male,1474.33,S0047
Keith Richards,911-87-8122,8/4/1937,79,Male,36.82,T2117
Daniel Snyder,658-87-3149,5/5/1955,62,Male,1332.49,S0047
Pamela Hanson,697-75-3818,10/18/1999,17,Female,490.29,S0047
Justin Pierce,698-50-1332,4/10/2006,11,Male,867.79,M0847
Sean Grant,460-74-7206,6/1/2012,5,Male,1953.37,M0847
Jessica Phillips,311-53-2295,8/7/1941,76,Female,381.21,X9647
Steve Crawford,968-69-3404,10/7/1998,19,Male,1700.37,Q7181
Janet Banks,988-03-9953,9/30/1968,49,Female,715.04,S0047
Joyce Morrison,281-25-9414,10/7/1940,77,Female,1484.35,T2117
Roger Andrews,100-77-0044,9/22/1981,36,Male,442.79,S0047
Betty Scott,971-85-9229,7/5/1978,39,Female,98.68,S0047
Matthew Ferguson,942-68-8136,3/6/2010,7,Male,1101.11,S0047
Daniel Mitchell,469-99-6156,7/2/1940,77,Male,254.07,S0047
Steven Morrison,939-09-3434,4/18/1956,61,Male,946.8,I7021
Patrick Baker,770-32-0598,5/17/1954,63,Male,1487.19,S0047
Frances Hayes,663-97-5711,10/28/1994,22,Female,1713.22,S0047
Deborah Berry,515-73-2474,3/20/1987,30,Female,383.33,T2117
Stephanie Simmons,295-50-5694,2/26/1973,44,Female,1457.58,S0047
Rachel Bennett,964-66-1750,11/20/1937,79,Female,732.11,S0047
Jason Burns,178-57-2398,7/12/1991,26,Male,1428.1,S0047
Nicholas Martinez,675-65-7213,12/1/1980,36,Male,275.15,S0047
Carlos Carpenter,425-78-3023,10/13/2003,13,Male,1247.33,T2117
Billy Burns,152-81-1361,7/22/1988,29,Male,12.21,T2117
Annie Hunter,704-19-8050,9/4/1976,41,Female,63.63,S0047
Larry Ryan,500-39-4693,4/7/1983,34,Male,668.53,S0047
Laura Parker,709-81-0971,3/20/2000,17,Female,1889.71,Z8559
David Perez,993-77-9690,2/8/1980,37,Male,1947.34,T2117
Diane Morales,157-73-4129,9/4/1944,73,Female,255.91,S0047
Beverly Taylor,412-93-2589,1/30/1973,44,Female,344.76,M0847
Doris Dixon,946-61-5561,5/17/1939,78,Female,740.24,Y0703
Brandon Moreno,532-91-1704,6/20/2009,8,Male,1739.95,E1037
Nicole Perkins,694-45-8316,5/6/2010,7,Female,1007.6,S0047
Adam Parker,624-64-5400,10/30/1978,38,Male,801.9,S0047
Rachel Ryan,338-57-4059,12/4/1950,66,Female,422.76,T2117
Catherine Gordon,537-60-8441,4/2/1974,43,Female,1370.8,S0047
Wanda Walker,345-24-1144,5/9/1991,26,Female,457.63,P0822
Stephanie Sanders,398-27-5849,5/24/1982,35,Female,1142.76,Y0703
Melissa Nguyen,705-59-1581,10/25/2011,5,Female,323.69,Q7181
Peter Gutierrez,233-33-2310,1/12/1941,76,Male,1748.46,W1130
Karen Edwards,720-01-7467,3/2/2005,12,Female,162.77,W1130
Kimberly Dixon,637-36-3141,10/14/1978,38,Female,147.67,S0047
Joyce Riley,583-29-8966,4/20/1991,26,Female,1671.66,S0047
Jean Ferguson,907-45-4620,6/14/1976,41,Female,187.83,W1130
Billy Mendoza,405-44-9467,9/9/2005,12,Male,322,M0847
Samuel Murphy,274-86-8115,6/25/1970,47,Male,1651.58,S0047
Stephen Martin,568-67-8432,8/20/1980,37,Male,166.3,T2117
Barbara Reynolds,967-92-7358,9/11/1943,74,Female,1758.38,O0989
Jeffrey Carter,526-42-5777,6/4/1974,43,Male,1751.25,S0047
Wayne Spencer,524-73-2749,4/30/1980,37,Male,48.46,S0047
Kenneth Rice,822-66-1553,6/1/1977,40,Male,1358.59,P0822
Alan Knight,687-24-2003,12/31/2010,6,Male,429.57,S0047
Ann Coleman,538-68-9567,4/17/1970,47,Female,537.52,V0401
Norma Wood,162-16-7756,6/14/1956,61,Female,1830.05,S0047
Matthew Shaw,378-91-5816,7/10/1979,38,Male,1664.73,B2701
Rose Murray,517-05-5558,7/4/1982,35,Female,305.8,S0047
John Cole,262-83-5705,4/16/2010,7,Male,532.13,T2117
Timothy Foster,788-54-9689,1/14/1953,64,Male,72.27,S0047
Donald Collins,526-65-5239,3/14/1958,59,Male,1656.27,S0047
Bruce Baker,834-14-9843,3/28/1998,19,Male,605.92,F1123
Joe Butler,922-81-9199,12/24/1947,69,Male,384.42,S0047
Antonio Payne,805-70-0302,12/19/1986,30,Male,1956.86,S0047
Carl Cunningham,113-44-1645,1/14/2003,14,Male,1655.39,S0047
Kathy Williams,300-20-7236,8/19/1970,47,Female,761.13,S0047
Robert Gardner,460-94-7074,5/22/1984,33,Male,1380.3,T2117
Linda Flores,609-79-7540,10/24/1950,66,Female,537.98,O0989
Harry Marshall,952-10-8582,4/5/1982,35,Male,278.22,S0047
Sandra Howell,852-85-6995,9/21/1976,41,Female,795.3,V0401
Amanda Morales,918-49-6864,5/18/1945,72,Female,1076.38,D3130
Deborah Johnston,865-12-3042,9/22/2015,2,Female,1565.87,O0989
Frances Jackson,429-08-0878,1/17/1946,71,Female,227.58,S0047
Jerry Harrison,455-02-7034,5/24/1981,36,Male,1485.04,V0401
Gloria Bryant,403-55-3545,1/21/1991,26,Female,799.44,D3130
Roger Franklin,480-11-5786,8/12/2008,9,Male,1765.15,O0989
Paula Grant,503-70-0200,12/2/1972,44,Female,330.85,S0047
Timothy Barnes,497-03-3246,7/20/2014,3,Male,1249.93,S0047
Cheryl Martinez,555-01-5934,3/19/2010,7,Female,1305.02,X9647
Phillip Medina,255-37-4231,3/22/1968,49,Male,1272.15,K5530
Jean Stewart,642-00-8843,3/7/1956,61,Female,641.01,D3130
Doris Cook,551-56-4363,3/18/1983,34,Female,1317.42,S0047
Randy Simmons,116-07-8117,12/9/1992,24,Male,905.38,S0047
Raymond Webb,724-27-3979,10/20/1941,76,Male,1623.25,M0847
Judy Mitchell,492-26-4175,12/10/2015,1,Female,347.44,S0047
Adam Sanders,227-91-1828,4/24/1954,63,Male,944.34,T2117
Kathleen White,960-28-1782,3/11/1958,59,Female,1383.74,S0047
Christopher Stanley,495-94-0542,10/2/1999,18,Male,1716.5,N6089
Eugene Hanson,980-15-8940,7/30/1992,25,Male,1020.58,V0401
Julia Torres,585-20-0062,11/6/1970,46,Female,1163.24,S0047
Alice Kim,697-49-0190,7/25/1938,79,Female,900.99,L2082
Julia Turner,479-06-7950,9/6/1980,37,Female,1550.27,S0047
Tammy Hunt,664-60-8344,9/26/2007,10,Female,812.86,S0047
Irene Wheeler,466-70-0492,7/26/1951,66,Female,515.87,S0047
Steven Richardson,978-25-9963,5/10/1965,52,Male,595.57,T2117
Stephen Price,147-66-2893,4/11/1944,73,Male,609.45,S0047
Shawn Ward,908-78-6268,8/30/1954,63,Male,57.68,T2117
Susan Jacobs,909-54-5963,1/13/2011,6,Female,860.02,M0847
Dennis Montgomery,856-27-4248,8/8/1940,77,Male,1911.38,S0047
Louise Mendoza,427-01-5091,10/30/1937,79,Female,65.96,B2701
Dorothy Bradley,628-18-9057,11/25/1976,40,Female,576.04,M0847
Martha Rice,521-71-6207,9/24/1956,61,Female,1376.16,S0047
Dennis Marshall,162-75-3032,9/26/1969,48,Male,730.48,M0847
Patrick Webb,407-76-3772,6/19/1971,46,Male,401.45,H0242
Phillip Parker,201-08-4425,11/30/1944,72,Male,555.94,S0047
Eugene Price,570-71-0777,10/19/2007,9,Male,1823.7,S0047
William Matthews,137-10-1575,12/3/1968,48,Male,1943.63,L2082
Andrea Mendoza,183-32-9020,8/13/1945,72,Female,709.01,V0401
Kathleen Clark,235-74-8118,5/22/2007,10,Female,1425.48,Q7181
Lawrence Baker,265-77-2189,11/20/1968,48,Male,648.26,T2117
Edward Peters,603-10-2121,1/19/1969,48,Male,1114.29,T2117
Ralph Daniels,733-13-2978,9/16/1948,69,Male,335.3,S0047
Richard Miller,127-76-1117,2/25/1955,62,Male,1710.45,S0047
Wayne Lynch,639-20-2923,6/25/1945,72,Male,898.74,S0047
Michelle Marshall,388-05-1333,2/22/2005,12,Female,363.18,S0047
Jennifer Wood,314-02-0785,4/11/1951,66,Female,1114.02,S0047
Harry Robertson,145-38-7712,11/13/1954,62,Male,593.02,S0047
Henry Gonzales,581-60-9197,2/15/1952,65,Male,1901.3,E1037
Roger Pierce,444-61-5061,1/29/2003,14,Male,401.47,S0047
Ruth Baker,381-45-9071,10/12/1977,40,Female,594.58,L2082
Aaron Mills,208-20-7416,2/11/1959,58,Male,1194.28,R1934
Steve Stephens,908-46-3952,9/4/1966,51,Male,141.52,H0242
Marie Matthews,208-24-4517,11/23/1984,32,Female,1542.47,M0847
Dorothy Morgan,874-90-6742,5/23/2010,7,Female,1654.12,S0047
Joyce Fernandez,725-22-5866,3/20/2003,14,Female,601.71,T2117
Jerry Arnold,771-30-9870,8/6/1960,57,Male,547.82,W1130
Beverly Murphy,427-13-6611,10/24/1999,17,Female,712.63,S0047
Jonathan Elliott,586-03-3407,10/6/1984,33,Male,823.12,S0047
Ronald Burns,605-32-4777,5/24/1949,68,Male,173.43,S0047
Joe Crawford,521-33-8048,10/18/1943,74,Male,985.24,H0242
Frank Montgomery,352-71-3964,1/12/1953,64,Male,1682.3,S0047
Kathryn Carroll,799-76-6066,12/4/1986,30,Female,735.33,S0047
Robin Reid,431-15-2854,3/15/1979,38,Female,442.64,S0047
Phillip Hawkins,488-34-4589,11/4/1979,37,Male,625.15,T2117
Henry Burke,959-97-8661,9/29/1974,43,Male,546.6,T2117
Marie Martin,217-46-2867,1/2/1991,26,Female,721.91,S0047
Jesse Cole,299-96-0335,7/27/1977,40,Male,1412.4,M0847
Brandon Martinez,871-96-1506,6/28/1964,53,Male,1559.94,O0989
Shirley Meyer,634-90-6650,10/13/1962,55,Female,1693.2,S0047
Jason Austin,454-03-9473,6/14/1967,50,Male,1898.37,H0242
Lawrence Ruiz,697-32-5599,6/23/1989,28,Male,164.27,S0047
Larry Hicks,679-24-5915,7/17/1982,35,Male,1421.36,T2117
Jason Stevens,168-82-1099,5/8/1981,36,Male,1893.17,T2117
Randy Webb,722-59-4614,5/22/1941,76,Male,1265.62,S0047
Marilyn Gutierrez,500-83-9874,12/24/2009,7,Female,953.05,T2117
Barbara Tucker,884-72-7705,6/6/1937,79,Female,92.23,D3130
Mark Gutierrez,720-28-1424,6/4/1972,45,Male,1016.27,S0047
Anthony Hill,430-33-5168,9/13/1962,55,Male,890.21,K5530
Eric Simmons,521-24-1573,1/22/1994,23,Male,1006.44,O0989
Carolyn Sanchez,761-16-8436,11/10/1953,63,Female,79.78,M0847
Henry Marshall,302-19-5016,12/4/1987,29,Male,562.68,M0847
Catherine Bishop,109-53-9073,5/22/1982,35,Female,900.85,S0047
Rachel Davis,109-49-1615,3/21/1951,66,Female,963.14,S0047
Scott Snyder,599-24-9999,7/26/1963,54,Male,1351.16,S0047
Ralph Shaw,443-50-5302,9/2/1950,67,Male,112.51,S0047
Donald Rodriguez,768-02-3543,6/21/1943,74,Male,1488.52,S0047
Martin Simmons,521-92-1454,12/11/1957,59,Male,977.37,F1123
Harry Watson,416-20-7462,7/23/2010,7,Male,1673.94,S0047
Thomas Warren,907-46-4552,5/12/2005,12,Male,1526.54,T2117
Alan Patterson,181-88-8102,2/26/2007,10,Male,19.33,T2117
Timothy Burton,624-45-5491,9/24/1939,78,Male,373.92,T2117
Terry Gutierrez,750-80-5893,6/15/1963,54,Male,1752.31,S0047
Albert Anderson,466-35-8358,5/30/1958,59,Male,709.24,O0989
Richard Thompson,350-69-6293,9/21/1956,61,Male,444.81,T2117
Michael Porter,336-22-0551,2/7/1989,28,Male,1689.75,M0847
Elizabeth Cunningham,720-20-7316,5/21/1998,19,Female,1599.99,T2117
Lisa Medina,605-58-6480,4/9/1968,49,Female,355.23,T2117
Kimberly Ferguson,808-82-1953,9/28/1980,37,Female,1371.47,G4021
Brian Lawrence,805-59-7069,2/21/1973,44,Male,505.62,S0047
Phyllis Gonzales,816-51-5635,11/24/1974,42,Female,1098.82,V0401
Michelle Wheeler,448-88-3134,5/3/1995,22,Female,1648.19,T2117
Kathryn Hughes,499-08-2274,9/3/1957,60,Female,637.13,T2117
Carol Garza,178-74-7727,6/29/1941,76,Female,1947.24,I7021
Adam Owens,266-69-5794,1/7/1947,70,Male,1104.46,S0047
Jacqueline Henry,720-20-3100,4/15/2001,16,Female,640.73,S0047
Carlos Henderson,233-09-2686,7/24/1954,63,Male,1266.18,M0847
Lois Ward,783-44-9540,5/2/1996,21,Female,714.76,S0047
Carlos Jordan,940-81-4521,10/27/1970,46,Male,1469.64,S0047
Anna Stanley,576-85-3788,12/25/1952,64,Female,210.91,S0047
Marie Chavez,705-69-3097,5/2/2006,11,Female,1596.43,S0047
Martin Carter,392-69-4279,9/15/1938,79,Male,248.53,T2117
Louis Hall,827-00-6461,2/25/1972,45,Male,1630.38,Y0703
Clarence Vasquez,907-93-9840,5/14/2000,17,Male,1563.38,H0242
Gregory Lawson,660-84-3630,9/22/1943,74,Male,156.46,N6089
Andrew Perry,861-26-8858,1/6/2007,10,Male,11.84,S0047
Robert Reid,677-27-0871,1/2/2009,8,Male,751.38,Q7181
Martha Grant,323-26-3302,11/21/1989,27,Female,1643.22,M0847
Kathryn Clark,902-20-2980,9/11/2006,11,Female,79.59,S0047
Ruth Williams,313-60-5387,9/4/1975,42,Female,544.54,S0047
Lois Lane,631-55-7222,3/29/2016,1,Female,1238.68,I7021
Ruby Holmes,506-79-2487,1/12/1965,52,Female,1265.01,M0847
Anne Brown,597-34-4949,1/16/1990,27,Female,499.35,S0047
Cheryl Ortiz,218-19-1035,4/15/1972,45,Female,1596.65,D3130
Julie Bailey,360-15-2827,3/25/1949,68,Female,781.61,M0847
Martha Martin,195-04-8863,6/2/1956,61,Female,1098.65,S0047
Cheryl Carter,469-44-7512,9/9/1949,68,Female,632.32,Y0703
Tina Young,724-54-5080,1/30/1986,31,Female,150.88,T2117
Ralph Nelson,333-34-0720,9/4/1993,24,Male,1205.39,M0847
Charles Pierce,651-17-9227,9/20/1950,67,Male,1926.23,M0847
Melissa Wood,402-46-3634,7/4/1978,39,Female,565.42,J9509
Patrick Stevens,452-74-6831,3/10/1972,45,Male,45.37,S0047
Kathleen Peterson,251-43-5903,3/9/1968,49,Female,1182.75,J9509
Elizabeth Romero,441-28-1205,8/23/1999,18,Female,758.43,O0989
Irene Lawson,280-18-7250,6/6/2003,14,Female,749.9,S0047
Amanda Thompson,515-47-9971,3/27/1979,38,Female,1967.46,T2117
Jose Ruiz,423-25-5411,4/14/2015,2,Male,936.47,S0047
Paula Perry,675-40-6754,10/30/1951,65,Female,389.08,T2117
Matthew Stanley,100-25-9445,7/31/1987,30,Male,1467.96,Y0703
Jesse Burns,169-88-3862,7/12/1995,22,Male,767.77,M0847
Tammy Sanders,242-83-3209,3/4/1964,53,Female,1858.23,M0847
Teresa Simpson,826-81-2411,8/20/2002,15,Female,1791.71,S0047
Albert Webb,626-54-0058,8/28/1962,55,Male,490.78,V0401
Denise Hunt,410-42-0254,3/17/1985,32,Female,1145.56,T2117
Lois Turner,754-17-7220,2/1/1950,67,Female,1176.2,N6089
William Wright,643-68-6069,12/9/1970,46,Male,1558.27,S0047
Cheryl Lawrence,423-32-7401,6/25/2003,14,Female,1702.76,S0047
Clarence Coleman,721-12-3957,12/5/2010,6,Male,1181.18,S0047
Susan Duncan,391-14-5499,10/23/1989,27,Female,558.8,S0047
Jerry Thomas,361-26-1894,8/9/1955,62,Male,646.13,S0047
Barbara Lopez,170-01-9930,11/10/1956,60,Female,1000.78,S0047
Paula Bowman,615-76-3804,12/25/1974,42,Female,628.28,T2117
Linda Jordan,429-92-6404,6/30/1959,58,Female,1754.53,S0047
Larry Snyder,512-47-8182,7/23/1990,27,Male,942.87,Q7181
Jerry Kim,629-15-6183,12/28/1973,43,Male,1788.78,E1037
Laura Diaz,388-98-6299,3/15/2008,9,Female,377.72,S0047
Amanda Perry,274-51-4587,8/20/1989,28,Female,1147.4,S0047
Michael Freeman,402-49-3240,6/11/1993,24,Male,1487.26,S0047
Margaret Richards,449-17-1858,11/9/1983,33,Female,1238.71,S0047
Catherine Ferguson,204-52-4802,12/7/1962,54,Female,273.18,R1934
Teresa Stephens,200-19-1349,10/26/1991,25,Female,1348.65,T2117
Adam Johnston,991-38-4099,12/4/1975,41,Male,677.83,S0047
Paul Rice,930-97-2737,11/18/1958,58,Male,669.54,H0242
Chris Davis,112-32-6035,4/16/1975,42,Male,1135.56,T2117
Frances Allen,853-49-8263,7/31/1945,72,Female,1368.71,H0242
Adam Mitchell,658-22-8968,3/22/2003,14,Male,661.83,G4021
Lisa Cole,875-02-2379,11/5/1972,44,Female,1474.26,S0047
Gary Clark,557-34-5463,1/14/1978,39,Male,1500.83,Z8559
Stephen Ward,516-84-5399,1/5/2007,10,Male,1408,M0847
Kimberly Cook,189-41-5455,3/10/1984,33,Female,623.51,Y0703
Tina Martinez,791-52-7433,4/18/1952,65,Female,24.5,A3790
Catherine Lawson,789-37-3151,11/29/1966,50,Female,1631.14,S0047
Maria Foster,521-40-2496,5/21/1987,30,Female,291.27,T2117
Dorothy Mendoza,406-42-2508,1/31/1992,25,Female,65.82,V0401
Kathleen Anderson,704-90-2309,10/31/1943,73,Female,1190.79,S0047
Brandon Nelson,558-28-8433,11/9/1946,70,Male,1521.39,I7021
Paul Adams,752-76-8970,8/29/1953,64,Male,1154.26,G4021
Frances Foster,719-49-7406,9/27/1995,22,Female,994.11,V0401
Angela Griffin,265-56-9676,6/4/1953,64,Female,934.55,Y0703
Louise Anderson,766-65-3048,5/18/1998,19,Female,1625.66,H0242
Carlos Fisher,822-95-8364,8/4/1997,20,Male,1305.95,S0047
Bobby Holmes,429-76-0167,7/20/1957,60,Male,1430.96,S0047
Ruth Cox,733-50-1486,7/1/1996,21,Female,983.05,S0047
Janice Stanley,106-35-2780,4/30/1982,35,Female,1285.23,S0047
Kimberly Jenkins,458-58-8066,3/8/2001,16,Female,138.8,T2117
Rose Sims,235-11-1726,5/22/2005,12,Female,107.58,H0242
Doris Jackson,852-91-5464,11/9/1985,31,Female,553.76,B2701
John Torres,992-63-5441,4/13/1968,49,Male,351.73,S0047
Kenneth Jordan,268-71-0966,2/21/1958,59,Male,385.07,S0047
Douglas White,551-26-3474,4/20/1967,50,Male,1061.87,T2117
Fred Ray,714-00-3804,9/23/2011,6,Male,1963.87,F1123
Jeremy Hunter,812-86-2453,1/4/1973,44,Male,280.38,S0047
Joyce Porter,629-68-6694,3/30/1989,28,Female,1160.53,S0047
Carl Hansen,560-27-4800,8/31/1947,70,Male,243,S0047
Doris Hill,814-61-7219,7/16/1989,28,Female,157,C4490
Ernest Perry,629-33-3446,3/29/2014,3,Male,1391.23,S0047
Carol Hart,316-64-9877,6/21/1955,62,Female,429.57,S0047
Sharon Howard,915-90-4219,3/8/1972,45,Female,866.71,T2117
Kenneth Evans,970-79-3774,1/29/2004,13,Male,759.68,C4490
Jennifer Ross,935-23-0964,3/18/1961,56,Female,965.92,S0047
Fred Ross,725-64-9200,12/6/2004,12,Male,617.6,M0847
Wayne Rice,984-57-8385,3/29/1964,53,Male,1404.47,S0047
Jane Howell,251-74-9076,12/23/2010,6,Female,1769.36,T2117
Paula Woods,307-77-4768,5/1/1958,59,Female,476.63,Z8559
Sean Gordon,192-47-2089,11/29/1949,67,Male,1145.28,R1934
Benjamin Ramos,975-30-0653,7/22/1974,43,Male,1270.7,T2117
Bruce Carr,203-99-1420,5/30/1964,53,Male,1312.86,T2117
Theresa Rose,656-85-9463,4/11/1983,34,Female,461.18,T2117
Todd Anderson,360-91-5824,2/3/2006,11,Male,1088.1,M0847
Donna Gonzalez,869-77-1845,9/13/1956,61,Female,1343.01,T2117
Albert Alvarez,678-84-8182,11/16/1964,52,Male,1483.5,S0047
Aaron Griffin,609-23-2344,8/5/1988,29,Male,1466.11,P0822
Billy Jenkins,675-66-3941,11/23/1977,39,Male,1142.61,T2117
Henry Jacobs,777-01-0691,11/30/1993,23,Male,794.21,S0047
Donald Taylor,504-55-5702,2/2/1984,33,Male,1525.31,S0047
Stephen Rodriguez,785-50-3127,10/24/2004,12,Male,1265.66,T2117
Janet Gutierrez,197-22-1565,3/25/1962,55,Female,418.92,G4021
Carlos Murphy,486-64-2269,10/24/1986,30,Male,1377.15,M0847
Amy Kim,449-06-1963,3/15/1994,23,Female,1813.16,B2701
Timothy Lawrence,635-80-3684,12/26/1954,62,Male,1813.35,S0047
Beverly Hamilton,309-66-6854,5/10/1974,43,Female,982.43,S0047
Jennifer Montgomery,615-29-4139,8/29/1983,34,Female,435.37,T2117
Kevin Simpson,620-11-5107,12/21/2002,14,Male,1635.08,C4490
Joe Alexander,666-66-6594,2/22/1990,27,Male,1325.08,H0242
Laura Parker,241-29-8167,7/3/1976,41,Female,1181.55,K5530
Joshua Rice,336-33-2509,8/6/1982,35,Male,288.55,S0047
Christine Carr,337-55-2215,10/10/1992,24,Female,836.6,M0847
Chris Garrett,765-95-3781,6/26/2001,16,Male,1463.28,V0401
Andrea Torres,390-83-8340,8/18/1970,47,Female,1673.6,T2117
Mildred Turner,271-03-4993,7/30/1966,51,Female,572.15,S0047
Todd Roberts,979-56-3515,3/18/1977,40,Male,944.79,S0047
Dorothy Morris,967-28-5262,3/13/1959,58,Female,913.94,V0401
Sandra Payne,837-04-0666,7/25/1964,53,Female,1532.14,O0989
Sean Reynolds,751-89-5914,5/21/1954,63,Male,1360.82,S0047
Arthur Harrison,342-24-5709,3/14/1979,38,Male,1139.92,F1123
Shirley Webb,155-23-1120,11/2/1949,67,Female,822.26,S0047
Kevin Reid,983-54-4470,6/14/1983,34,Male,1012.74,T2117
Jeffrey Brown,963-10-5120,3/31/1977,40,Male,714.08,M0847
Bonnie Rice,190-99-8762,8/11/1976,41,Female,1760.97,O0989
Gloria Howard,549-93-2728,6/29/1978,39,Female,1048.29,G4021
Joe Ortiz,949-94-6231,4/23/2011,6,Male,810.35,S0047
Rose Elliott,431-78-8269,9/24/1959,58,Female,697.97,S0047
Ann Gray,275-74-8752,9/13/1967,50,Female,1051.04,S0047
Virginia Fox,675-12-7607,7/29/1980,37,Female,1001.97,G4021
Jacqueline Richardson,908-60-1247,5/21/1987,30,Female,1397.84,S0047
Carlos Stevens,599-82-0216,6/29/1989,28,Male,107.8,T2117
Annie Jacobs,366-00-3077,1/6/2013,4,Female,103.19,S0047
Jonathan Burns,802-18-9471,5/16/1979,38,Male,827.2,Z8559
Donald Murphy,342-80-4730,12/7/2009,7,Male,954.92,T2117
Adam Palmer,547-79-1846,10/7/1937,79,Male,1203.11,S0047
Martha Mcdonald,224-26-7872,8/14/1990,27,Female,84.65,V0401
Shirley Riley,241-18-9661,5/27/1980,37,Female,1588.54,T2117
Timothy Chavez,571-54-0678,5/9/2004,13,Male,1939.3,T2117
Harry Reynolds,101-60-9666,2/17/2000,17,Male,118.95,S0047
Michael Evans,349-45-3165,12/12/1995,21,Male,628.77,T2117
Marie Arnold,971-19-4485,12/17/1940,76,Female,1612.95,W1130
Shawn Price,533-43-9415,3/18/1950,67,Male,1382.13,S0047
Christopher George,223-86-3736,6/8/1976,41,Male,983.82,S0047
Elizabeth Martinez,779-87-1159,10/17/1959,58,Female,1837.01,Y0703
Sean West,349-44-9944,6/17/2005,12,Male,1780.98,V0401
Cynthia Gray,909-96-3559,10/9/1961,56,Female,506.71,P0822
Janet Banks,420-89-3755,4/2/1985,32,Female,148.67,T2117
Nicole Ray,345-86-9764,7/7/1974,43,Female,1359.54,T2117
Amanda Carroll,936-72-7305,9/13/1957,60,Female,788.68,S0047
Jeremy Robertson,169-44-8610,12/26/1963,53,Male,468.03,S0047
Gloria Green,169-93-0878,10/14/2006,10,Female,1261.18,S0047
Karen Olson,333-91-2313,10/4/1954,63,Female,1514.74,S0047
Albert Hayes,800-74-9350,4/20/1951,66,Male,1805.13,S0047
Joyce Williams,575-86-6629,12/10/1941,75,Female,1034.21,T2117
Shirley Adams,431-38-2631,10/9/2009,7,Female,855.33,S0047
Henry Holmes,779-87-8480,2/9/2008,9,Male,1479.67,T2117
David Mcdonald,958-18-2242,3/15/2016,1,Male,1141.18,S0047
Paul Hamilton,978-44-1460,8/15/2013,4,Male,1335.12,S0047
Donald Montgomery,942-17-7031,9/4/1958,59,Male,1617.57,M0847
Norma Crawford,685-07-3709,11/10/1939,77,Female,1538.55,S0047
Carlos Carter,726-76-5982,8/30/1943,74,Male,1236.55,M0847
Todd Taylor,493-79-8611,5/31/1995,22,Male,230.68,S0047
Paul Berry,171-23-0813,5/2/1963,54,Male,1325.18,Y0703
Doris Ramirez,620-23-9496,6/29/1966,51,Female,931.8,S0047
Anne Cole,249-28-5417,1/24/1985,32,Female,1412.63,K5530
Alan Simpson,906-34-6136,1/16/1998,19,Male,1967.79,T2117
Melissa Richardson,559-64-2954,5/21/2011,6,Female,902.95,T2117
Patricia Hall,172-24-7637,4/9/1969,48,Female,764.25,S0047
Laura Wheeler,213-20-2769,1/18/1987,30,Female,16.65,S0047
Jack Shaw,173-33-4249,6/5/1981,36,Male,702.67,S0047
James Ward,838-03-2238,5/18/2012,5,Male,1168.75,A3790
Cynthia Howell,778-94-9232,1/22/2007,10,Female,1358.55,S0047
Ronald Stewart,425-39-4842,10/3/2009,8,Male,1718.93,A3790
Ruby James,731-21-8624,7/25/1961,56,Female,1113.79,E1037
Jacqueline Medina,548-12-5869,3/1/1950,67,Female,1913.23,D3130
Christopher Stewart,286-41-9654,8/17/1992,25,Male,1299.46,W1130
Donna Stephens,595-40-2134,6/3/1998,19,Female,1472.41,W1130
Laura Smith,727-17-0955,10/10/2007,9,Female,313.97,S0047
Joshua Sanders,606-03-0272,7/30/2015,2,Male,249.51,T2117
Pamela Meyer,378-22-4757,1/23/1994,23,Female,1709.05,L2082
Lori Hawkins,104-66-4529,4/18/1943,74,Female,632.56,S0047
Anna Palmer,457-08-3171,9/16/1983,34,Female,14.42,T2117
Carlos Perry,344-48-8869,1/15/2007,10,Male,1909.03,S0047
Johnny Reid,155-39-4785,4/23/1974,43,Male,701.8,V0401
Melissa Snyder,386-03-4390,9/18/1937,79,Female,396.68,S0047
Virginia Austin,201-34-3691,7/21/1977,40,Female,1465.92,S0047
Philip Moreno,258-09-8403,9/12/1968,49,Male,1451.02,S0047
Howard Flores,667-14-7347,11/16/1950,66,Male,941.43,C4490
Robert Gordon,360-93-8084,10/22/1980,36,Male,696.78,H0242
Joe Bowman,335-81-8162,11/12/1950,66,Male,332.27,S0047
George Collins,604-90-8154,6/24/1994,23,Male,1708.93,T2117
Jonathan Day,752-21-6610,9/25/1940,77,Male,1515.64,T2117
Heather Ramos,525-18-1172,7/14/1943,74,Female,1383.3,T2117
Shirley Day,946-79-2211,8/22/1940,77,Female,872.74,S0047
Ernest Campbell,674-18-2349,5/17/1981,36,Male,777.25,S0047
Matthew Frazier,912-84-7343,3/18/1989,28,Male,90.16,D3130
Randy Knight,497-27-1917,2/23/1948,69,Male,252.85,Y0703
George Lane,598-04-5170,3/20/2009,8,Male,303.4,V0401
Brenda Harris,984-23-7689,4/9/1974,43,Female,1413.89,G4021
Thomas Harper,675-68-4264,2/3/1965,52,Male,1090.22,T2117
Doris Gonzales,685-23-6227,7/14/1945,72,Female,855.59,M0847
Steven Payne,410-93-8367,3/19/1980,37,Male,944.82,S0047
Marie Burton,107-18-9972,12/14/1967,49,Female,1215.32,T2117
Keith Black,997-13-3086,12/6/1954,62,Male,1655.28,M0847
Benjamin Hernandez,998-84-9687,6/24/1946,71,Male,835.83,S0047
Gloria Butler,111-69-5746,11/29/1980,36,Female,1176.29,S0047
Bruce Carter,213-56-9389,7/23/1970,47,Male,742.24,S0047
Barbara Howell,368-49-3464,12/29/2007,9,Female,1304.85,S0047
Cynthia Dean,819-40-6673,7/26/1998,19,Female,331.82,S0047
Roy Coleman,285-48-4919,2/27/1946,71,Male,1642.23,F1123
Frank Rogers,960-36-4755,1/1/2012,5,Male,1410.44,S0047
Frances Ross,825-34-5428,10/10/1980,37,Female,1313.86,T2117
Martin Holmes,398-05-9731,8/22/2008,9,Male,1960.54,Z8559
Diana Fisher,736-86-1725,4/15/2007,10,Female,68.38,S0047
Howard Webb,455-45-4826,2/15/1969,48,Male,282.03,M0847
Thomas Fernandez,115-67-4180,10/30/2011,5,Male,1548.2,K5530
Randy Larson,429-06-7928,4/2/2011,6,Male,709.04,S0047
Rebecca Edwards,298-94-8663,2/16/2007,10,Female,693.25,O0989
Jason Nelson,263-76-4625,8/13/1996,21,Male,276.99,H0242
Clarence Wheeler,372-10-3120,10/16/2007,9,Male,1810.77,S0047
Susan Schmidt,992-33-8282,2/25/1941,76,Female,122.41,Y0703
Louise Mcdonald,580-94-3538,5/20/2009,8,Female,1431.87,T2117
Albert Hamilton,583-29-0733,7/16/2003,14,Male,326.2,T2117
Carlos Russell,542-31-2420,10/21/1941,76,Male,959.45,S0047
Antonio Morris,941-15-5425,10/8/1963,54,Male,844.87,S0047
Thomas Fox,179-71-5381,9/20/1973,44,Male,211.05,S0047
Matthew Cook,475-79-7077,12/20/1958,58,Male,468.15,V0401
Mildred Murray,624-74-5323,12/8/1975,41,Female,1478.35,S0047
George Carter,122-43-6449,9/26/1955,62,Male,375.73,M0847
Wanda Marshall,860-31-3748,10/17/1994,22,Female,726.82,T2117
Steven Pierce,187-88-8462,3/4/2002,15,Male,1739.81,S0047
Evelyn Reyes,184-58-6338,12/25/1990,26,Female,1249.3,H0242
Christopher Miller,893-99-7399,1/19/1953,64,Male,1330.72,W1130
Kathy Stanley,247-42-3249,7/25/1962,55,Female,877.53,T2117
David Sullivan,588-89-5804,2/11/2015,2,Male,1580.27,S0047
Victor Frazier,832-75-0400,5/19/2003,14,Male,261.24,M0847
Deborah Larson,479-29-2430,8/29/1991,26,Female,1068.18,S0047
Raymond Lawson,358-56-5136,4/13/1937,79,Male,1351.11,L2082
Alan Alexander,205-09-7159,3/22/2009,8,Male,837.06,S0047
Debra Harper,452-82-8861,2/23/2015,2,Female,1534.45,S0047
Anthony Fisher,862-73-8042,8/31/1969,48,Male,1065.38,T2117
Helen Ellis,241-12-7518,1/7/1960,57,Female,1233.93,T2117
Earl Stevens,866-59-7330,1/25/2014,3,Male,85.78,S0047
Helen Warren,418-24-0788,9/23/1992,25,Female,1570.12,S0047
Mark Simmons,436-51-3541,6/23/1953,64,Male,144.53,S0047
Barbara Wilson,292-60-4961,6/26/2008,9,Female,505.42,S0047
Steven Rodriguez,628-08-3949,6/9/1944,73,Male,1338.43,V0401
Samuel Warren,542-86-4609,3/16/1947,70,Male,477.13,S0047
Gregory Wilson,791-29-5306,9/1/1941,76,Male,768.76,M0847
Jason Thompson,882-47-0302,10/11/1999,17,Male,1201.08,Q7181
Charles Young,490-46-0457,8/31/1942,75,Male,299.08,T2117
Louis Turner,967-16-3094,5/15/1955,62,Male,260.11,H0242
Amy Lawson,461-01-8848,1/10/1956,61,Female,102.6,V0401
Laura Gonzalez,145-20-6713,7/14/1967,50,Female,1259.81,T2117
Nicholas Burke,493-33-7208,10/11/1986,31,Male,1220.12,T2117
Jeffrey Mills,437-82-3717,10/22/1981,35,Male,726.48,R1934
Justin Thomas,545-50-5534,10/15/1938,79,Male,581.47,T2117
Lois Warren,414-47-7368,5/17/1945,72,Female,1780.49,S0047
Fred Elliott,717-38-9821,2/15/1954,63,Male,1423.28,S0047
Jennifer Ramirez,481-77-5537,2/3/1949,68,Female,171.01,S0047
Barbara Lewis,282-92-9309,12/14/1979,37,Female,1130.14,F1123
Barbara Alvarez,922-27-5006,8/19/1960,57,Female,1395.96,S0047
James Alexander,913-78-9099,10/6/2007,10,Male,1467.34,M0847
Matthew Black,872-78-5071,12/22/1999,17,Male,89.96,S0047
Charles Gutierrez,379-55-1283,2/16/1981,36,Male,1947.38,S0047
Alice Cook,561-95-6235,3/5/1995,22,Female,738.35,G4021
Clarence Larson,154-09-9940,4/25/1940,77,Male,775.94,S0047
Christina Welch,503-27-4146,5/19/1941,76,Female,954.26,T2117
Victor Cooper,500-36-3475,9/6/2014,3,Male,1531.69,S0047
